region_code,region,atc,year,patients,population,hc_cost_per_capita,brand,annual_cost_sek,annual_cost_mnkr,cost_per_capita,pct_of_hc_budget
01,Stockholm,L01EF01,2024,155,2473307,35420.592,Ibrance,220000,34.1,13.7872087856461,0.03892427542048451
01,Stockholm,N07XX08,2024,82,2473307,35420.592,Vyndaqel,800000,65.6,26.523193441008335,0.07488071752445113
01,Stockholm,L01XK04,2024,6,2473307,35420.592,Talzenna,320000,1.92,0.7762885885173171,0.002191630756813204
01,Stockholm,L01ED04,2024,9,2473307,35420.592,Lorbrena/Lorviqua,350000,3.15,1.2735984655362234,0.003595644210396663
01,Stockholm,L01EH03,2024,15,2473307,35420.592,Tukysa,580000,8.7,3.5175576667190933,0.00993082686680983
01,Stockholm,N02CD06,2024,974,2473307,35420.592,Vydura,2500,2.435,0.98451182970816,0.002779490048354246
01,Stockholm,J05AE30,2024,267,2473307,35420.592,Paxlovid,5400,1.4418,0.5829442119397228,0.0016457777214444152
03,Uppsala,L01EF01,2024,43,407912,36093.569,Ibrance,220000,9.46,23.191276549844083,0.06425320962258978
03,Uppsala,N07XX08,2024,12,407912,36093.569,Vyndaqel,800000,9.6,23.534487830708585,0.0652041027882518
03,Uppsala,L01XK04,2024,2,407912,36093.569,Talzenna,320000,0.64,1.5689658553805723,0.004346940185883452
03,Uppsala,L01ED04,2024,1,407912,36093.569,Lorbrena/Lorviqua,350000,0.35,0.8580282021612504,0.002377232914155013
03,Uppsala,L01EH03,2024,1,407912,36093.569,Tukysa,580000,0.58,1.4218753064386436,0.003939414543456878
03,Uppsala,N02CD06,2024,69,407912,36093.569,Vydura,2500,0.1725,0.42288532820804486,0.0011716362219763993
03,Uppsala,J05AE30,2024,50,407912,36093.569,Paxlovid,5400,0.27,0.6619074702386789,0.0018338653909195813
04,Sörmland,L01EF01,2024,20,301542,37251.858,Ibrance,220000,4.4,14.591665505966,0.039170302608707463
04,Sörmland,N07XX08,2024,7,301542,37251.858,Vyndaqel,800000,5.6,18.57121064395673,0.04985311241108223
04,Sörmland,L01XK04,2024,0,301542,37251.858,Talzenna,320000,0,0,0
04,Sörmland,L01ED04,2024,1,301542,37251.858,Lorbrena/Lorviqua,350000,0.35,1.1607006652472955,0.0031158195256926393
04,Sörmland,L01EH03,2024,1,301542,37251.858,Tukysa,580000,0.58,1.9234468166955183,0.005163358071147802
04,Sörmland,N02CD06,2024,65,301542,37251.858,Vydura,2500,0.1625,0.5388967374362443,0.0014466304940715824
04,Sörmland,J05AE30,2024,29,301542,37251.858,Paxlovid,5400,0.1566,0.51933064050779,0.0013941066792099066
05,Östergötland,L01EF01,2024,35,472446,36806.322,Ibrance,220000,7.7,16.298158943032643,0.044280868224302994
05,Östergötland,N07XX08,2024,11,472446,36806.322,Vyndaqel,800000,8.8,18.626467363465878,0.05060670654206057
05,Östergötland,L01XK04,2024,3,472446,36806.322,Talzenna,320000,0.96,2.031978257832641,0.0055207316227702434
05,Östergötland,L01ED04,2024,7,472446,36806.322,Lorbrena/Lorviqua,350000,2.45,5.185777845510386,0.014089367162278224
05,Östergötland,L01EH03,2024,2,472446,36806.322,Tukysa,580000,1.16,2.455307061547775,0.006670884044180711
05,Östergötland,N02CD06,2024,53,472446,36806.322,Vydura,2500,0.1325,0.280455332461276,7.619759791844347e-4
05,Östergötland,J05AE30,2024,45,472446,36806.322,Paxlovid,5400,0.243,0.5143444965138873,0.001397435192013718
06,Jönköping,L01EF01,2024,13,370009,35904.532,Ibrance,220000,2.86,7.729541713850204,0.02152803917302196
06,Jönköping,N07XX08,2024,6,370009,35904.532,Vyndaqel,800000,4.8,12.972657421846495,0.036130974835841045
06,Jönköping,L01XK04,2024,2,370009,35904.532,Talzenna,320000,0.64,1.7296876562461994,0.004817463311445473
06,Jönköping,L01ED04,2024,1,370009,35904.532,Lorbrena/Lorviqua,350000,0.35,0.9459229370096403,0.002634550248446743
06,Jönköping,L01EH03,2024,2,370009,35904.532,Tukysa,580000,1.16,3.1350588769462364,0.00873165225199492
06,Jönköping,N02CD06,2024,86,370009,35904.532,Vydura,2500,0.215,0.5810669470202077,0.0016183665811887137
06,Jönköping,J05AE30,2024,3,370009,35904.532,Paxlovid,5400,0.0162,0.043782718798731926,1.2194204007096353e-4
07,Kronoberg,L01EF01,2024,23,203351,36075.554,Ibrance,220000,5.06,24.883083928773402,0.0689749183859336
07,Kronoberg,N07XX08,2024,15,203351,36075.554,Vyndaqel,800000,12,59.01126623424522,0.1635768815476686
07,Kronoberg,L01XK04,2024,0,203351,36075.554,Talzenna,320000,0,0,0
07,Kronoberg,L01ED04,2024,0,203351,36075.554,Lorbrena/Lorviqua,350000,0,0,0
07,Kronoberg,L01EH03,2024,0,203351,36075.554,Tukysa,580000,0,0,0
07,Kronoberg,N02CD06,2024,18,203351,36075.554,Vydura,2500,0.045,0.22129224837841957,6.134133058037574e-4
07,Kronoberg,J05AE30,2024,3,203351,36075.554,Paxlovid,5400,0.0162,0.07966520941623105,2.2082879008935265e-4
08,Kalmar,L01EF01,2024,12,246352,37539.78,Ibrance,220000,2.64,10.716373319477821,0.02854671316528179
08,Kalmar,N07XX08,2024,10,246352,37539.78,Vyndaqel,800000,8,32.47385854387218,0.08650519140994482
08,Kalmar,L01XK04,2024,0,246352,37539.78,Talzenna,320000,0,0,0
08,Kalmar,L01ED04,2024,5,246352,37539.78,Lorbrena/Lorviqua,350000,1.75,7.10365655647204,0.01892301062092543
08,Kalmar,L01EH03,2024,1,246352,37539.78,Tukysa,580000,0.58,2.3543547444307333,0.006271626377220999
08,Kalmar,N02CD06,2024,25,246352,37539.78,Vydura,2500,0.0625,0.25370201987400143,6.758218078901939e-4
08,Kalmar,J05AE30,2024,5,246352,37539.78,Paxlovid,5400,0.027,0.10959927258556862,2.9195502100856375e-4
09,Gotland,L01EF01,2024,6,60971,47153.564,Ibrance,220000,1.32,21.649636712535468,0.04591304426646407
09,Gotland,N07XX08,2024,2,60971,47153.564,Vyndaqel,800000,1.6,26.241983893982386,0.05565217486844131
09,Gotland,L01XK04,2024,0,60971,47153.564,Talzenna,320000,0,0,0
09,Gotland,L01ED04,2024,0,60971,47153.564,Lorbrena/Lorviqua,350000,0,0,0
09,Gotland,L01EH03,2024,0,60971,47153.564,Tukysa,580000,0,0,0
09,Gotland,N02CD06,2024,15,60971,47153.564,Vydura,2500,0.0375,0.6150464975152121,0.001304347848479093
09,Gotland,J05AE30,2024,1,60971,47153.564,Paxlovid,5400,0.0054,0.08856669564219055,1.878260901809894e-4
10,Blekinge,L01EF01,2024,10,157223,40681.07,Ibrance,220000,2.2,13.992863639543833,0.034396498517722945
10,Blekinge,N07XX08,2024,5,157223,40681.07,Vyndaqel,800000,4,25.44157025371606,0.06253908821404171
10,Blekinge,L01XK04,2024,1,157223,40681.07,Talzenna,320000,0.32,2.035325620297285,0.005003127057123338
10,Blekinge,L01ED04,2024,0,157223,40681.07,Lorbrena/Lorviqua,350000,0,0,0
10,Blekinge,L01EH03,2024,0,157223,40681.07,Tukysa,580000,0,0,0
10,Blekinge,N02CD06,2024,21,157223,40681.07,Vydura,2500,0.0525,0.3339206095800233,8.208255328092975e-4
10,Blekinge,J05AE30,2024,2,157223,40681.07,Paxlovid,5400,0.0108,0.06869223968503337,1.6885553817791264e-4
12,Skåne,L01EF01,2024,148,1428626,35805.732,Ibrance,220000,32.56,22.79112937885773,0.06365218110568925
12,Skåne,N07XX08,2024,50,1428626,35805.732,Vyndaqel,800000,40,27.99893044085716,0.07819678268512192
12,Skåne,L01XK04,2024,7,1428626,35805.732,Talzenna,320000,2.24,1.5679401046880008,0.004379019830366827
12,Skåne,L01ED04,2024,10,1428626,35805.732,Lorbrena/Lorviqua,350000,3.5,2.4499064135750013,0.006842218484948167
12,Skåne,L01EH03,2024,4,1428626,35805.732,Tukysa,580000,2.32,1.6239379655697153,0.004535413395737071
12,Skåne,N02CD06,2024,435,1428626,35805.732,Vydura,2500,1.0875,0.761220921360804,0.0021259750292517516
12,Skåne,J05AE30,2024,56,1428626,35805.732,Paxlovid,5400,0.3024,0.2116719141328801,5.911676770995216e-4
13,Halland,L01EF01,2024,58,345074,36264.685,Ibrance,220000,12.76,36.97757582431594,0.10196579902545946
13,Halland,N07XX08,2024,24,345074,36264.685,Vyndaqel,800000,19.2,55.64023948486412,0.15342816154301112
13,Halland,L01XK04,2024,1,345074,36264.685,Talzenna,320000,0.32,0.9273373247477352,0.0025571360257168516
13,Halland,L01ED04,2024,5,345074,36264.685,Lorbrena/Lorviqua,350000,1.75,5.071375994714177,0.013984337640639033
13,Halland,L01EH03,2024,3,345074,36264.685,Tukysa,580000,1.74,5.04239670331581,0.01390442713983538
13,Halland,N02CD06,2024,85,345074,36264.685,Vydura,2500,0.2125,0.615809942215293,0.001698098142077597
13,Halland,J05AE30,2024,24,345074,36264.685,Paxlovid,5400,0.1296,0.3755716165228328,0.001035640090415325
14,Västra Götaland,L01EF01,2024,140,1772821,33760.881,Ibrance,220000,30.8,17.37344040938143,0.05146026968129603
14,Västra Götaland,N07XX08,2024,46,1772821,33760.881,Vyndaqel,800000,36.8,20.757876852767424,0.06148499754128876
14,Västra Götaland,L01XK04,2024,5,1772821,33760.881,Talzenna,320000,1.6,0.9025163849029315,0.002673260762664729
14,Västra Götaland,L01ED04,2024,2,1772821,33760.881,Lorbrena/Lorviqua,350000,0.7,0.39485091839503256,0.0011695515836658188
14,Västra Götaland,L01EH03,2024,16,1772821,33760.881,Tukysa,580000,9.28,5.234595032437003,0.015504912423455426
14,Västra Götaland,N02CD06,2024,624,1772821,33760.881,Vydura,2500,1.56,0.8799534752803583,0.002606429243598111
14,Västra Götaland,J05AE30,2024,67,1772821,33760.881,Paxlovid,5400,0.3618,0.2040815175361754,6.044910899575619e-4
17,Värmland,L01EF01,2024,6,283384,37189.82,Ibrance,220000,1.32,4.657990571097875,0.012524907544854679
17,Värmland,N07XX08,2024,7,283384,37189.82,Vyndaqel,800000,5.6,19.761172119809164,0.05313597140241379
17,Värmland,L01XK04,2024,0,283384,37189.82,Talzenna,320000,0,0,0
17,Värmland,L01ED04,2024,4,283384,37189.82,Lorbrena/Lorviqua,350000,1.4,4.940293029952291,0.013283992850603447
17,Värmland,L01EH03,2024,1,283384,37189.82,Tukysa,580000,0.58,2.0466928266945206,0.005503368466678571
17,Värmland,N02CD06,2024,25,283384,37189.82,Vydura,2500,0.0625,0.22054879598001298,5.930353951162253e-4
17,Värmland,J05AE30,2024,12,283384,37189.82,Paxlovid,5400,0.0648,0.22866499167207746,6.148590976565024e-4
18,Örebro,L01EF01,2024,13,308375,37473.854,Ibrance,220000,2.86,9.274422375354682,0.024749048697672468
18,Örebro,N07XX08,2024,0,308375,37473.854,Vyndaqel,800000,0,0,0
18,Örebro,L01XK04,2024,1,308375,37473.854,Talzenna,320000,0.32,1.037697608431293,0.0027691243298095065
18,Örebro,L01ED04,2024,3,308375,37473.854,Lorbrena/Lorviqua,350000,1.05,3.4049452776651803,0.009086189207187444
18,Örebro,L01EH03,2024,4,308375,37473.854,Tukysa,580000,2.32,7.523307661126875,0.020076151391118926
18,Örebro,N02CD06,2024,20,308375,37473.854,Vydura,2500,0.05,0.16214025131738954,4.3267567653273547e-4
18,Örebro,J05AE30,2024,28,308375,37473.854,Paxlovid,5400,0.1512,0.490312119983786,0.0013084112458349921
19,Västmanland,L01EF01,2024,11,281158,37231.734,Ibrance,220000,2.42,8.60725997481843,0.023118074422261478
19,Västmanland,N07XX08,2024,8,281158,37231.734,Vyndaqel,800000,6.4,22.763001586296674,0.06113870921589813
19,Västmanland,L01XK04,2024,0,281158,37231.734,Talzenna,320000,0,0,0
19,Västmanland,L01ED04,2024,1,281158,37231.734,Lorbrena/Lorviqua,350000,0.35,1.2448516492505992,0.003343523160244428
19,Västmanland,L01EH03,2024,4,281158,37231.734,Tukysa,580000,2.32,8.251588075032544,0.02216278209076307
19,Västmanland,N02CD06,2024,27,281158,37231.734,Vydura,2500,0.0675,0.24007853235547272,6.448223237614255e-4
19,Västmanland,J05AE30,2024,11,281158,37231.734,Paxlovid,5400,0.0594,0.211269108472816,5.674436449100544e-4
20,Dalarna,L01EF01,2024,14,286546,37728.671,Ibrance,220000,3.08,10.748710503723661,0.028489502065216294
20,Dalarna,N07XX08,2024,8,286546,37728.671,Vyndaqel,800000,6.4,22.334982864880335,0.059198965330319576
20,Dalarna,L01XK04,2024,0,286546,37728.671,Talzenna,320000,0,0,0
20,Dalarna,L01ED04,2024,1,286546,37728.671,Lorbrena/Lorviqua,350000,0.35,1.2214443754231432,0.0032374434165018512
20,Dalarna,L01EH03,2024,0,286546,37728.671,Tukysa,580000,0,0,0
20,Dalarna,N02CD06,2024,17,286546,37728.671,Vydura,2500,0.0425,0.14831824558709597,3.9311812914665336e-4
20,Dalarna,J05AE30,2024,10,286546,37728.671,Paxlovid,5400,0.054,0.1884514179224278,4.994912699745714e-4
21,Gävleborg,L01EF01,2024,5,284558,39566.626,Ibrance,220000,1.1,3.8656442623296483,0.009769961841905974
21,Gävleborg,N07XX08,2024,9,284558,39566.626,Vyndaqel,800000,7.2,25.30239880797588,0.06394884114702094
21,Gävleborg,L01XK04,2024,3,284558,39566.626,Talzenna,320000,0.96,3.3736531743967837,0.008526512152936124
21,Gävleborg,L01ED04,2024,3,284558,39566.626,Lorbrena/Lorviqua,350000,1.05,3.689933159496482,0.009325872667273884
21,Gävleborg,L01EH03,2024,1,284558,39566.626,Tukysa,580000,0.58,2.0382487928647235,0.005151434425732241
21,Gävleborg,N02CD06,2024,28,284558,39566.626,Vydura,2500,0.07,0.24599554396643214,6.217248444849257e-4
21,Gävleborg,J05AE30,2024,13,284558,39566.626,Paxlovid,5400,0.0702,0.2466983883777648,6.235012011834541e-4
22,Västernorrland,L01EF01,2024,20,241458,40176.759,Ibrance,220000,4.4,18.22263085091403,0.045356149436827475
22,Västernorrland,N07XX08,2024,7,241458,40176.759,Vyndaqel,800000,5.6,23.192439264799674,0.05772600837414406
22,Västernorrland,L01XK04,2024,0,241458,40176.759,Talzenna,320000,0,0,0
22,Västernorrland,L01ED04,2024,0,241458,40176.759,Lorbrena/Lorviqua,350000,0,0,0
22,Västernorrland,L01EH03,2024,1,241458,40176.759,Tukysa,580000,0.58,2.402074066711395,0.005978765153036349
22,Västernorrland,N02CD06,2024,34,241458,40176.759,Vydura,2500,0.085,0.3520280959835665,8.761983413932581e-4
22,Västernorrland,J05AE30,2024,14,241458,40176.759,Paxlovid,5400,0.0756,0.31309793007479564,7.79301113050945e-4
23,Jämtland Härjedalen,L01EF01,2024,7,132839,41298.112,Ibrance,220000,1.54,11.592980976972123,0.028071455123595292
23,Jämtland Härjedalen,N07XX08,2024,10,132839,41298.112,Vyndaqel,800000,8,60.22327780245259,0.14582574090179376
23,Jämtland Härjedalen,L01XK04,2024,0,132839,41298.112,Talzenna,320000,0,0,0
23,Jämtland Härjedalen,L01ED04,2024,0,132839,41298.112,Lorbrena/Lorviqua,350000,0,0,0
23,Jämtland Härjedalen,L01EH03,2024,0,132839,41298.112,Tukysa,580000,0,0,0
23,Jämtland Härjedalen,N02CD06,2024,12,132839,41298.112,Vydura,2500,0.03,0.22583729175919723,5.468465283817265e-4
23,Jämtland Härjedalen,J05AE30,2024,14,132839,41298.112,Paxlovid,5400,0.0756,0.569109975233177,0.0013780532515219508
24,Västerbotten,L01EF01,2024,12,281138,37899.536,Ibrance,220000,2.64,9.39040613506534,0.024777100529846434
24,Västerbotten,N07XX08,2024,67,281138,37899.536,Vyndaqel,800000,53.6,190.6537003179933,0.5030502228787004
24,Västerbotten,L01XK04,2024,0,281138,37899.536,Talzenna,320000,0,0,0
24,Västerbotten,L01ED04,2024,1,281138,37899.536,Lorbrena/Lorviqua,350000,0.35,1.2449402073003293,0.0032848428732750955
24,Västerbotten,L01EH03,2024,2,281138,37899.536,Tukysa,580000,1.16,4.126087544195378,0.01088690780856889
24,Västerbotten,N02CD06,2024,22,281138,37899.536,Vydura,2500,0.055,0.19563346114719463,5.161895943718008e-4
24,Västerbotten,J05AE30,2024,7,281138,37899.536,Paxlovid,5400,0.0378,0.13445354238843557,3.547630303137104e-4
25,Norrbotten,L01EF01,2024,2,248620,41762.529,Ibrance,220000,0.44,1.7697691255731638,0.004237696250562709
25,Norrbotten,N07XX08,2024,77,248620,41762.529,Vyndaqel,800000,61.6,247.76767758024295,0.5932774750787793
25,Norrbotten,L01XK04,2024,0,248620,41762.529,Talzenna,320000,0,0,0
25,Norrbotten,L01ED04,2024,1,248620,41762.529,Lorbrena/Lorviqua,350000,0.35,1.4077708953422894,0.003370894744765791
25,Norrbotten,L01EH03,2024,0,248620,41762.529,Tukysa,580000,0,0,0
25,Norrbotten,N02CD06,2024,20,248620,41762.529,Vydura,2500,0.05,0.20111012790604135,4.8155639210939867e-4
25,Norrbotten,J05AE30,2024,8,248620,41762.529,Paxlovid,5400,0.0432,0.17375915051081972,4.160647227825205e-4
