region_code,region,atc,year,patients,population,patients_per_100k,national_per_100k,expected_patients,gap,gap_pct,gap_category,brand,indication_short,healthcare_region
01,Stockholm,L01EF01,2024,155,2473307,6.266913084384591,7.112019501856397,176,-21,-11.931818181818182,Near expected (±20%),Ibrance,HR+/HER2- BC,Stockholm-Gotland
01,Stockholm,N07XX08,2024,82,2473307,3.3153991801260414,4.372994726905063,108,-26,-24.074074074074073,Moderate under-use (−50 to −20%),Vyndaqel,ATTR-CM,Stockholm-Gotland
01,Stockholm,L01XK04,2024,6,2473307,0.2425901839116616,0.29279230352928065,7,-1,-14.285714285714285,Near expected (±20%),Talzenna,BRCA-mut HER2- BC,Stockholm-Gotland
01,Stockholm,L01ED04,2024,9,2473307,0.36388527586749236,0.5194702159390463,13,-4,-30.76923076923077,Moderate under-use (−50 to −20%),Lorbrena/Lorviqua,ALK+ NSCLC,Stockholm-Gotland
01,Stockholm,L01EH03,2024,15,2473307,0.606475459779154,0.547804954990267,14,1,7.142857142857142,Near expected (±20%),Tukysa,HER2+ BC + brain mets,Stockholm-Gotland
01,Stockholm,N02CD06,2024,974,2473307,39.3804731883264,25.2651423206718,625,349,55.84,Severe over-use (≥+50%),Vydura,Acute migraine,Stockholm-Gotland
01,Stockholm,J05AE30,2024,267,2473307,10.795263184068942,6.318646808422218,156,111,71.15384615384616,Severe over-use (≥+50%),Paxlovid,COVID-19,Stockholm-Gotland
03,Uppsala,L01EF01,2024,43,407912,10.54148934083822,7.112019501856397,29,14,48.275862068965516,Moderate over-use (+20 to +50%),Ibrance,HR+/HER2- BC,Mellansverige
03,Uppsala,N07XX08,2024,12,407912,2.941810978838573,4.372994726905063,18,-6,-33.33333333333333,Moderate under-use (−50 to −20%),Vyndaqel,ATTR-CM,Mellansverige
03,Uppsala,L01XK04,2024,2,407912,0.49030182980642883,0.29279230352928065,1,1,100,Severe over-use (≥+50%),Talzenna,BRCA-mut HER2- BC,Mellansverige
03,Uppsala,L01ED04,2024,1,407912,0.24515091490321442,0.5194702159390463,2,-1,-50,Severe under-use (≤−50%),Lorbrena/Lorviqua,ALK+ NSCLC,Mellansverige
03,Uppsala,L01EH03,2024,1,407912,0.24515091490321442,0.547804954990267,2,-1,-50,Severe under-use (≤−50%),Tukysa,HER2+ BC + brain mets,Mellansverige
03,Uppsala,N02CD06,2024,69,407912,16.915413128321795,25.2651423206718,103,-34,-33.00970873786408,Moderate under-use (−50 to −20%),Vydura,Acute migraine,Mellansverige
03,Uppsala,J05AE30,2024,50,407912,12.257545745160721,6.318646808422218,26,24,92.3076923076923,Severe over-use (≥+50%),Paxlovid,COVID-19,Mellansverige
04,Sörmland,L01EF01,2024,20,301542,6.632575229984546,7.112019501856397,21,-1,-4.761904761904762,Near expected (±20%),Ibrance,HR+/HER2- BC,Mellansverige
04,Sörmland,N07XX08,2024,7,301542,2.321401330494591,4.372994726905063,13,-6,-46.15384615384615,Moderate under-use (−50 to −20%),Vyndaqel,ATTR-CM,Mellansverige
04,Sörmland,L01XK04,2024,0,301542,0,0.29279230352928065,1,-1,-100,Severe under-use (≤−50%),Talzenna,BRCA-mut HER2- BC,Mellansverige
04,Sörmland,L01ED04,2024,1,301542,0.33162876149922726,0.5194702159390463,2,-1,-50,Severe under-use (≤−50%),Lorbrena/Lorviqua,ALK+ NSCLC,Mellansverige
04,Sörmland,L01EH03,2024,1,301542,0.33162876149922726,0.547804954990267,2,-1,-50,Severe under-use (≤−50%),Tukysa,HER2+ BC + brain mets,Mellansverige
04,Sörmland,N02CD06,2024,65,301542,21.555869497449773,25.2651423206718,76,-11,-14.473684210526317,Near expected (±20%),Vydura,Acute migraine,Mellansverige
04,Sörmland,J05AE30,2024,29,301542,9.617234083477591,6.318646808422218,19,10,52.63157894736842,Severe over-use (≥+50%),Paxlovid,COVID-19,Mellansverige
05,Östergötland,L01EF01,2024,35,472446,7.408254065014837,7.112019501856397,34,1,2.941176470588235,Near expected (±20%),Ibrance,HR+/HER2- BC,Sydöstra
05,Östergötland,N07XX08,2024,11,472446,2.3283084204332347,4.372994726905063,21,-10,-47.61904761904761,Moderate under-use (−50 to −20%),Vyndaqel,ATTR-CM,Sydöstra
05,Östergötland,L01XK04,2024,3,472446,0.6349932055727004,0.29279230352928065,1,2,200,Severe over-use (≥+50%),Talzenna,BRCA-mut HER2- BC,Sydöstra
05,Östergötland,L01ED04,2024,7,472446,1.4816508130029675,0.5194702159390463,2,5,250,Severe over-use (≥+50%),Lorbrena/Lorviqua,ALK+ NSCLC,Sydöstra
05,Östergötland,L01EH03,2024,2,472446,0.42332880371513354,0.547804954990267,3,-1,-33.33333333333333,Moderate under-use (−50 to −20%),Tukysa,HER2+ BC + brain mets,Sydöstra
05,Östergötland,N02CD06,2024,53,472446,11.21821329845104,25.2651423206718,119,-66,-55.46218487394958,Severe under-use (≤−50%),Vydura,Acute migraine,Sydöstra
05,Östergötland,J05AE30,2024,45,472446,9.524898083590505,6.318646808422218,30,15,50,Severe over-use (≥+50%),Paxlovid,COVID-19,Sydöstra
06,Jönköping,L01EF01,2024,13,370009,3.5134280517500924,7.112019501856397,26,-13,-50,Severe under-use (≤−50%),Ibrance,HR+/HER2- BC,Sydöstra
06,Jönköping,N07XX08,2024,6,370009,1.6215821777308117,4.372994726905063,16,-10,-62.5,Severe under-use (≤−50%),Vyndaqel,ATTR-CM,Sydöstra
06,Jönköping,L01XK04,2024,2,370009,0.5405273925769374,0.29279230352928065,1,1,100,Severe over-use (≥+50%),Talzenna,BRCA-mut HER2- BC,Sydöstra
06,Jönköping,L01ED04,2024,1,370009,0.2702636962884687,0.5194702159390463,2,-1,-50,Severe under-use (≤−50%),Lorbrena/Lorviqua,ALK+ NSCLC,Sydöstra
06,Jönköping,L01EH03,2024,2,370009,0.5405273925769374,0.547804954990267,2,0,0,Near expected (±20%),Tukysa,HER2+ BC + brain mets,Sydöstra
06,Jönköping,N02CD06,2024,86,370009,23.242677880808305,25.2651423206718,93,-7,-7.526881720430108,Near expected (±20%),Vydura,Acute migraine,Sydöstra
06,Jönköping,J05AE30,2024,3,370009,0.8107910888654059,6.318646808422218,23,-20,-86.95652173913044,Severe under-use (≤−50%),Paxlovid,COVID-19,Sydöstra
07,Kronoberg,L01EF01,2024,23,203351,11.310492694897,7.112019501856397,14,9,64.28571428571429,Severe over-use (≥+50%),Ibrance,HR+/HER2- BC,Södra
07,Kronoberg,N07XX08,2024,15,203351,7.3764082792806525,4.372994726905063,9,6,66.66666666666666,Severe over-use (≥+50%),Vyndaqel,ATTR-CM,Södra
07,Kronoberg,L01XK04,2024,0,203351,0,0.29279230352928065,1,-1,-100,Severe under-use (≤−50%),Talzenna,BRCA-mut HER2- BC,Södra
07,Kronoberg,L01ED04,2024,0,203351,0,0.5194702159390463,1,-1,-100,Severe under-use (≤−50%),Lorbrena/Lorviqua,ALK+ NSCLC,Södra
07,Kronoberg,L01EH03,2024,0,203351,0,0.547804954990267,1,-1,-100,Severe under-use (≤−50%),Tukysa,HER2+ BC + brain mets,Södra
07,Kronoberg,N02CD06,2024,18,203351,8.851689935136784,25.2651423206718,51,-33,-64.70588235294117,Severe under-use (≤−50%),Vydura,Acute migraine,Södra
07,Kronoberg,J05AE30,2024,3,203351,1.4752816558561306,6.318646808422218,13,-10,-76.92307692307693,Severe under-use (≤−50%),Paxlovid,COVID-19,Södra
08,Kalmar,L01EF01,2024,12,246352,4.871078781580827,7.112019501856397,18,-6,-33.33333333333333,Moderate under-use (−50 to −20%),Ibrance,HR+/HER2- BC,Sydöstra
08,Kalmar,N07XX08,2024,10,246352,4.059232317984023,4.372994726905063,11,-1,-9.090909090909092,Near expected (±20%),Vyndaqel,ATTR-CM,Sydöstra
08,Kalmar,L01XK04,2024,0,246352,0,0.29279230352928065,1,-1,-100,Severe under-use (≤−50%),Talzenna,BRCA-mut HER2- BC,Sydöstra
08,Kalmar,L01ED04,2024,5,246352,2.0296161589920114,0.5194702159390463,1,4,400,Severe over-use (≥+50%),Lorbrena/Lorviqua,ALK+ NSCLC,Sydöstra
08,Kalmar,L01EH03,2024,1,246352,0.4059232317984023,0.547804954990267,1,0,0,Near expected (±20%),Tukysa,HER2+ BC + brain mets,Sydöstra
08,Kalmar,N02CD06,2024,25,246352,10.148080794960057,25.2651423206718,62,-37,-59.67741935483871,Severe under-use (≤−50%),Vydura,Acute migraine,Sydöstra
08,Kalmar,J05AE30,2024,5,246352,2.0296161589920114,6.318646808422218,16,-11,-68.75,Severe under-use (≤−50%),Paxlovid,COVID-19,Sydöstra
09,Gotland,L01EF01,2024,6,60971,9.840743960243394,7.112019501856397,4,2,50,Severe over-use (≥+50%),Ibrance,HR+/HER2- BC,Stockholm-Gotland
09,Gotland,N07XX08,2024,2,60971,3.2802479867477983,4.372994726905063,3,-1,-33.33333333333333,Moderate under-use (−50 to −20%),Vyndaqel,ATTR-CM,Stockholm-Gotland
09,Gotland,L01XK04,2024,0,60971,0,0.29279230352928065,0,0,0,Near expected (±20%),Talzenna,BRCA-mut HER2- BC,Stockholm-Gotland
09,Gotland,L01ED04,2024,0,60971,0,0.5194702159390463,0,0,0,Near expected (±20%),Lorbrena/Lorviqua,ALK+ NSCLC,Stockholm-Gotland
09,Gotland,L01EH03,2024,0,60971,0,0.547804954990267,0,0,0,Near expected (±20%),Tukysa,HER2+ BC + brain mets,Stockholm-Gotland
09,Gotland,N02CD06,2024,15,60971,24.601859900608485,25.2651423206718,15,0,0,Near expected (±20%),Vydura,Acute migraine,Stockholm-Gotland
09,Gotland,J05AE30,2024,1,60971,1.6401239933738991,6.318646808422218,4,-3,-75,Severe under-use (≤−50%),Paxlovid,COVID-19,Stockholm-Gotland
10,Blekinge,L01EF01,2024,10,157223,6.360392563429015,7.112019501856397,11,-1,-9.090909090909092,Near expected (±20%),Ibrance,HR+/HER2- BC,Södra
10,Blekinge,N07XX08,2024,5,157223,3.1801962817145073,4.372994726905063,7,-2,-28.57142857142857,Moderate under-use (−50 to −20%),Vyndaqel,ATTR-CM,Södra
10,Blekinge,L01XK04,2024,1,157223,0.6360392563429015,0.29279230352928065,0,1,100,Severe over-use (≥+50%),Talzenna,BRCA-mut HER2- BC,Södra
10,Blekinge,L01ED04,2024,0,157223,0,0.5194702159390463,1,-1,-100,Severe under-use (≤−50%),Lorbrena/Lorviqua,ALK+ NSCLC,Södra
10,Blekinge,L01EH03,2024,0,157223,0,0.547804954990267,1,-1,-100,Severe under-use (≤−50%),Tukysa,HER2+ BC + brain mets,Södra
10,Blekinge,N02CD06,2024,21,157223,13.35682438320093,25.2651423206718,40,-19,-47.5,Moderate under-use (−50 to −20%),Vydura,Acute migraine,Södra
10,Blekinge,J05AE30,2024,2,157223,1.272078512685803,6.318646808422218,10,-8,-80,Severe under-use (≤−50%),Paxlovid,COVID-19,Södra
12,Skåne,L01EF01,2024,148,1428626,10.359604263117149,7.112019501856397,102,46,45.09803921568628,Moderate over-use (+20 to +50%),Ibrance,HR+/HER2- BC,Södra
12,Skåne,N07XX08,2024,50,1428626,3.4998663051071452,4.372994726905063,62,-12,-19.35483870967742,Near expected (±20%),Vyndaqel,ATTR-CM,Södra
12,Skåne,L01XK04,2024,7,1428626,0.4899812827150003,0.29279230352928065,4,3,75,Severe over-use (≥+50%),Talzenna,BRCA-mut HER2- BC,Södra
12,Skåne,L01ED04,2024,10,1428626,0.699973261021429,0.5194702159390463,7,3,42.857142857142854,Moderate over-use (+20 to +50%),Lorbrena/Lorviqua,ALK+ NSCLC,Södra
12,Skåne,L01EH03,2024,4,1428626,0.27998930440857156,0.547804954990267,8,-4,-50,Severe under-use (≤−50%),Tukysa,HER2+ BC + brain mets,Södra
12,Skåne,N02CD06,2024,435,1428626,30.44883685443216,25.2651423206718,361,74,20.498614958448755,Moderate over-use (+20 to +50%),Vydura,Acute migraine,Södra
12,Skåne,J05AE30,2024,56,1428626,3.9198502617200024,6.318646808422218,90,-34,-37.77777777777778,Moderate under-use (−50 to −20%),Paxlovid,COVID-19,Södra
13,Halland,L01EF01,2024,58,345074,16.8079890110527,7.112019501856397,25,33,132,Severe over-use (≥+50%),Ibrance,HR+/HER2- BC,Västra
13,Halland,N07XX08,2024,24,345074,6.955029935608015,4.372994726905063,15,9,60,Severe over-use (≥+50%),Vyndaqel,ATTR-CM,Västra
13,Halland,L01XK04,2024,1,345074,0.28979291398366724,0.29279230352928065,1,0,0,Near expected (±20%),Talzenna,BRCA-mut HER2- BC,Västra
13,Halland,L01ED04,2024,5,345074,1.4489645699183364,0.5194702159390463,2,3,150,Severe over-use (≥+50%),Lorbrena/Lorviqua,ALK+ NSCLC,Västra
13,Halland,L01EH03,2024,3,345074,0.8693787419510018,0.547804954990267,2,1,50,Severe over-use (≥+50%),Tukysa,HER2+ BC + brain mets,Västra
13,Halland,N02CD06,2024,85,345074,24.63239768861172,25.2651423206718,87,-2,-2.2988505747126435,Near expected (±20%),Vydura,Acute migraine,Västra
13,Halland,J05AE30,2024,24,345074,6.955029935608015,6.318646808422218,22,2,9.090909090909092,Near expected (±20%),Paxlovid,COVID-19,Västra
14,Västra Götaland,L01EF01,2024,140,1772821,7.8970183679006505,7.112019501856397,126,14,11.11111111111111,Near expected (±20%),Ibrance,HR+/HER2- BC,Västra
14,Västra Götaland,N07XX08,2024,46,1772821,2.5947346065959285,4.372994726905063,78,-32,-41.02564102564102,Moderate under-use (−50 to −20%),Vyndaqel,ATTR-CM,Västra
14,Västra Götaland,L01XK04,2024,5,1772821,0.2820363702821661,0.29279230352928065,5,0,0,Near expected (±20%),Talzenna,BRCA-mut HER2- BC,Västra
14,Västra Götaland,L01ED04,2024,2,1772821,0.11281454811286645,0.5194702159390463,9,-7,-77.77777777777779,Severe under-use (≤−50%),Lorbrena/Lorviqua,ALK+ NSCLC,Västra
14,Västra Götaland,L01EH03,2024,16,1772821,0.9025163849029316,0.547804954990267,10,6,60,Severe over-use (≥+50%),Tukysa,HER2+ BC + brain mets,Västra
14,Västra Götaland,N02CD06,2024,624,1772821,35.19813901121433,25.2651423206718,448,176,39.285714285714285,Moderate over-use (+20 to +50%),Vydura,Acute migraine,Västra
14,Västra Götaland,J05AE30,2024,67,1772821,3.779287361781026,6.318646808422218,112,-45,-40.17857142857143,Moderate under-use (−50 to −20%),Paxlovid,COVID-19,Västra
17,Värmland,L01EF01,2024,6,283384,2.1172684414081244,7.112019501856397,20,-14,-70,Severe under-use (≤−50%),Ibrance,HR+/HER2- BC,Mellansverige
17,Värmland,N07XX08,2024,7,283384,2.4701465149761455,4.372994726905063,12,-5,-41.66666666666667,Moderate under-use (−50 to −20%),Vyndaqel,ATTR-CM,Mellansverige
17,Värmland,L01XK04,2024,0,283384,0,0.29279230352928065,1,-1,-100,Severe under-use (≤−50%),Talzenna,BRCA-mut HER2- BC,Mellansverige
17,Värmland,L01ED04,2024,4,283384,1.411512294272083,0.5194702159390463,1,3,300,Severe over-use (≥+50%),Lorbrena/Lorviqua,ALK+ NSCLC,Mellansverige
17,Värmland,L01EH03,2024,1,283384,0.35287807356802076,0.547804954990267,2,-1,-50,Severe under-use (≤−50%),Tukysa,HER2+ BC + brain mets,Mellansverige
17,Värmland,N02CD06,2024,25,283384,8.82195183920052,25.2651423206718,72,-47,-65.27777777777779,Severe under-use (≤−50%),Vydura,Acute migraine,Mellansverige
17,Värmland,J05AE30,2024,12,283384,4.234536882816249,6.318646808422218,18,-6,-33.33333333333333,Moderate under-use (−50 to −20%),Paxlovid,COVID-19,Mellansverige
18,Örebro,L01EF01,2024,13,308375,4.215646534252127,7.112019501856397,22,-9,-40.909090909090914,Moderate under-use (−50 to −20%),Ibrance,HR+/HER2- BC,Mellansverige
18,Örebro,N07XX08,2024,0,308375,0,4.372994726905063,13,-13,-100,Severe under-use (≤−50%),Vyndaqel,ATTR-CM,Mellansverige
18,Örebro,L01XK04,2024,1,308375,0.3242805026347791,0.29279230352928065,1,0,0,Near expected (±20%),Talzenna,BRCA-mut HER2- BC,Mellansverige
18,Örebro,L01ED04,2024,3,308375,0.9728415079043372,0.5194702159390463,2,1,50,Severe over-use (≥+50%),Lorbrena/Lorviqua,ALK+ NSCLC,Mellansverige
18,Örebro,L01EH03,2024,4,308375,1.2971220105391164,0.547804954990267,2,2,100,Severe over-use (≥+50%),Tukysa,HER2+ BC + brain mets,Mellansverige
18,Örebro,N02CD06,2024,20,308375,6.485610052695582,25.2651423206718,78,-58,-74.35897435897436,Severe under-use (≤−50%),Vydura,Acute migraine,Mellansverige
18,Örebro,J05AE30,2024,28,308375,9.079854073773815,6.318646808422218,19,9,47.368421052631575,Moderate over-use (+20 to +50%),Paxlovid,COVID-19,Mellansverige
19,Västmanland,L01EF01,2024,11,281158,3.9123908976447406,7.112019501856397,20,-9,-45,Moderate under-use (−50 to −20%),Ibrance,HR+/HER2- BC,Mellansverige
19,Västmanland,N07XX08,2024,8,281158,2.8453751982870843,4.372994726905063,12,-4,-33.33333333333333,Moderate under-use (−50 to −20%),Vyndaqel,ATTR-CM,Mellansverige
19,Västmanland,L01XK04,2024,0,281158,0,0.29279230352928065,1,-1,-100,Severe under-use (≤−50%),Talzenna,BRCA-mut HER2- BC,Mellansverige
19,Västmanland,L01ED04,2024,1,281158,0.35567189978588554,0.5194702159390463,1,0,0,Near expected (±20%),Lorbrena/Lorviqua,ALK+ NSCLC,Mellansverige
19,Västmanland,L01EH03,2024,4,281158,1.4226875991435421,0.547804954990267,2,2,100,Severe over-use (≥+50%),Tukysa,HER2+ BC + brain mets,Mellansverige
19,Västmanland,N02CD06,2024,27,281158,9.603141294218908,25.2651423206718,71,-44,-61.97183098591549,Severe under-use (≤−50%),Vydura,Acute migraine,Mellansverige
19,Västmanland,J05AE30,2024,11,281158,3.9123908976447406,6.318646808422218,18,-7,-38.88888888888889,Moderate under-use (−50 to −20%),Paxlovid,COVID-19,Mellansverige
20,Dalarna,L01EF01,2024,14,286546,4.885777501692573,7.112019501856397,20,-6,-30,Moderate under-use (−50 to −20%),Ibrance,HR+/HER2- BC,Mellansverige
20,Dalarna,N07XX08,2024,8,286546,2.7918728581100414,4.372994726905063,13,-5,-38.46153846153847,Moderate under-use (−50 to −20%),Vyndaqel,ATTR-CM,Mellansverige
20,Dalarna,L01XK04,2024,0,286546,0,0.29279230352928065,1,-1,-100,Severe under-use (≤−50%),Talzenna,BRCA-mut HER2- BC,Mellansverige
20,Dalarna,L01ED04,2024,1,286546,0.34898410726375517,0.5194702159390463,1,0,0,Near expected (±20%),Lorbrena/Lorviqua,ALK+ NSCLC,Mellansverige
20,Dalarna,L01EH03,2024,0,286546,0,0.547804954990267,2,-2,-100,Severe under-use (≤−50%),Tukysa,HER2+ BC + brain mets,Mellansverige
20,Dalarna,N02CD06,2024,17,286546,5.932729823483839,25.2651423206718,72,-55,-76.38888888888889,Severe under-use (≤−50%),Vydura,Acute migraine,Mellansverige
20,Dalarna,J05AE30,2024,10,286546,3.489841072637552,6.318646808422218,18,-8,-44.44444444444444,Moderate under-use (−50 to −20%),Paxlovid,COVID-19,Mellansverige
21,Gävleborg,L01EF01,2024,5,284558,1.7571110283316582,7.112019501856397,20,-15,-75,Severe under-use (≤−50%),Ibrance,HR+/HER2- BC,Mellansverige
21,Gävleborg,N07XX08,2024,9,284558,3.162799850996985,4.372994726905063,12,-3,-25,Moderate under-use (−50 to −20%),Vyndaqel,ATTR-CM,Mellansverige
21,Gävleborg,L01XK04,2024,3,284558,1.054266616998995,0.29279230352928065,1,2,200,Severe over-use (≥+50%),Talzenna,BRCA-mut HER2- BC,Mellansverige
21,Gävleborg,L01ED04,2024,3,284558,1.054266616998995,0.5194702159390463,1,2,200,Severe over-use (≥+50%),Lorbrena/Lorviqua,ALK+ NSCLC,Mellansverige
21,Gävleborg,L01EH03,2024,1,284558,0.35142220566633164,0.547804954990267,2,-1,-50,Severe under-use (≤−50%),Tukysa,HER2+ BC + brain mets,Mellansverige
21,Gävleborg,N02CD06,2024,28,284558,9.839821758657287,25.2651423206718,72,-44,-61.111111111111114,Severe under-use (≤−50%),Vydura,Acute migraine,Mellansverige
21,Gävleborg,J05AE30,2024,13,284558,4.568488673662311,6.318646808422218,18,-5,-27.77777777777778,Moderate under-use (−50 to −20%),Paxlovid,COVID-19,Mellansverige
22,Västernorrland,L01EF01,2024,20,241458,8.28301402314274,7.112019501856397,17,3,17.647058823529413,Near expected (±20%),Ibrance,HR+/HER2- BC,Norra
22,Västernorrland,N07XX08,2024,7,241458,2.8990549080999592,4.372994726905063,11,-4,-36.36363636363637,Moderate under-use (−50 to −20%),Vyndaqel,ATTR-CM,Norra
22,Västernorrland,L01XK04,2024,0,241458,0,0.29279230352928065,1,-1,-100,Severe under-use (≤−50%),Talzenna,BRCA-mut HER2- BC,Norra
22,Västernorrland,L01ED04,2024,0,241458,0,0.5194702159390463,1,-1,-100,Severe under-use (≤−50%),Lorbrena/Lorviqua,ALK+ NSCLC,Norra
22,Västernorrland,L01EH03,2024,1,241458,0.41415070115713704,0.547804954990267,1,0,0,Near expected (±20%),Tukysa,HER2+ BC + brain mets,Norra
22,Västernorrland,N02CD06,2024,34,241458,14.08112383934266,25.2651423206718,61,-27,-44.26229508196721,Moderate under-use (−50 to −20%),Vydura,Acute migraine,Norra
22,Västernorrland,J05AE30,2024,14,241458,5.7981098161999185,6.318646808422218,15,-1,-6.666666666666667,Near expected (±20%),Paxlovid,COVID-19,Norra
23,Jämtland Härjedalen,L01EF01,2024,7,132839,5.269536807714602,7.112019501856397,9,-2,-22.22222222222222,Moderate under-use (−50 to −20%),Ibrance,HR+/HER2- BC,Norra
23,Jämtland Härjedalen,N07XX08,2024,10,132839,7.527909725306574,4.372994726905063,6,4,66.66666666666666,Severe over-use (≥+50%),Vyndaqel,ATTR-CM,Norra
23,Jämtland Härjedalen,L01XK04,2024,0,132839,0,0.29279230352928065,0,0,0,Near expected (±20%),Talzenna,BRCA-mut HER2- BC,Norra
23,Jämtland Härjedalen,L01ED04,2024,0,132839,0,0.5194702159390463,1,-1,-100,Severe under-use (≤−50%),Lorbrena/Lorviqua,ALK+ NSCLC,Norra
23,Jämtland Härjedalen,L01EH03,2024,0,132839,0,0.547804954990267,1,-1,-100,Severe under-use (≤−50%),Tukysa,HER2+ BC + brain mets,Norra
23,Jämtland Härjedalen,N02CD06,2024,12,132839,9.033491670367889,25.2651423206718,34,-22,-64.70588235294117,Severe under-use (≤−50%),Vydura,Acute migraine,Norra
23,Jämtland Härjedalen,J05AE30,2024,14,132839,10.539073615429205,6.318646808422218,8,6,75,Severe over-use (≥+50%),Paxlovid,COVID-19,Norra
24,Västerbotten,L01EF01,2024,12,281138,4.268366425029701,7.112019501856397,20,-8,-40,Moderate under-use (−50 to −20%),Ibrance,HR+/HER2- BC,Norra
24,Västerbotten,N07XX08,2024,67,281138,23.831712539749162,4.372994726905063,12,55,458.3333333333333,Severe over-use (≥+50%),Vyndaqel,ATTR-CM,Norra
24,Västerbotten,L01XK04,2024,0,281138,0,0.29279230352928065,1,-1,-100,Severe under-use (≤−50%),Talzenna,BRCA-mut HER2- BC,Norra
24,Västerbotten,L01ED04,2024,1,281138,0.3556972020858084,0.5194702159390463,1,0,0,Near expected (±20%),Lorbrena/Lorviqua,ALK+ NSCLC,Norra
24,Västerbotten,L01EH03,2024,2,281138,0.7113944041716168,0.547804954990267,2,0,0,Near expected (±20%),Tukysa,HER2+ BC + brain mets,Norra
24,Västerbotten,N02CD06,2024,22,281138,7.825338445887785,25.2651423206718,71,-49,-69.01408450704226,Severe under-use (≤−50%),Vydura,Acute migraine,Norra
24,Västerbotten,J05AE30,2024,7,281138,2.4898804146006586,6.318646808422218,18,-11,-61.111111111111114,Severe under-use (≤−50%),Paxlovid,COVID-19,Norra
25,Norrbotten,L01EF01,2024,2,248620,0.8044405116241654,7.112019501856397,18,-16,-88.88888888888889,Severe under-use (≤−50%),Ibrance,HR+/HER2- BC,Norra
25,Norrbotten,N07XX08,2024,77,248620,30.97095969753037,4.372994726905063,11,66,600,Severe over-use (≥+50%),Vyndaqel,ATTR-CM,Norra
25,Norrbotten,L01XK04,2024,0,248620,0,0.29279230352928065,1,-1,-100,Severe under-use (≤−50%),Talzenna,BRCA-mut HER2- BC,Norra
25,Norrbotten,L01ED04,2024,1,248620,0.4022202558120827,0.5194702159390463,1,0,0,Near expected (±20%),Lorbrena/Lorviqua,ALK+ NSCLC,Norra
25,Norrbotten,L01EH03,2024,0,248620,0,0.547804954990267,1,-1,-100,Severe under-use (≤−50%),Tukysa,HER2+ BC + brain mets,Norra
25,Norrbotten,N02CD06,2024,20,248620,8.044405116241654,25.2651423206718,63,-43,-68.25396825396825,Severe under-use (≤−50%),Vydura,Acute migraine,Norra
25,Norrbotten,J05AE30,2024,8,248620,3.2177620464966616,6.318646808422218,16,-8,-50,Severe under-use (≤−50%),Paxlovid,COVID-19,Norra
