Brick,County Council,CDK4/6 total SEK (last 6mo),Ibrance SEK,Kisqali SEK,Verzenios SEK,Ibrance share %,Kisqali share %,Verzenios share %,Kisqali last6 vs prev6 %,Recovery SEK (kr),Defense-risk SEK (kr),Priority quadrant
75 - Stockholm-S,01 - Stockholms län,16080348.830000002,2029454.89,4556507.890000001,9494386.05,12.620714335585713,28.335877151490873,59.04340851292341,8.97845912283437,782006.7993904891,0.0,Stable mid-tier
562 - Gävle,21 - Gävleborgs län,3324156.86,0.0,1389132.9899999998,1935023.87,0.0,41.78903248266088,58.21096751733913,-32.41778874709201,581190.1072680014,0.0,Recovery target
68 - Luleå/Boden,25 - Norrbottens län,3741092.3899999997,119379.68,1388956.28,2232756.4299999997,3.1910380058804164,37.12702428073422,59.681937713385366,-0.9937165027998015,534706.7482329938,0.0,Recovery target
45 - Örebro,18 - Örebro län,5532536.140000001,443410.81000000006,2473644.7800000003,2615480.55,8.014603046045353,44.71086527778199,47.27453167617265,61.57930538917653,523888.691224709,0.0,Recovery target
48 - Västerås,19 - Västmanlands län,3708585.41,136433.62,1594591.6900000002,1977560.0999999999,3.678858780820151,42.99730257526953,53.323838643910314,60.70439342059524,511969.3414205526,0.0,Recovery target
71 - Stockholm-NO,01 - Stockholms län,9153002.98,1193795.57,2026529.19,5932678.22,13.042665588643784,22.140593578174492,64.81674083318171,6.733418658445614,406500.38708384737,0.0,Stable mid-tier
11 - Jönköping,06 - Jönköpings län,5966724.3,665115.63,1495334.03,3806274.6399999997,11.147081657518514,25.06122211813943,63.791696224342054,15.924912569696515,378096.61358696205,0.0,Recovery target
52 - Borlänge/Falun,20 - Dalarnas län,3529537.98,272867.78,1332268.44,1924401.76,7.730977299187471,37.74625595614075,54.52276674467178,147.3698694207819,344230.8238254179,0.0,Recovery target
20 - Kalmar/Nybro,08 - Kalmar län,2377962.02,85271.35,708514.01,1584176.66,3.5859004173666325,29.795009509865935,66.61909007276743,-18.047381741963132,330487.61074983457,0.0,Low priority (small market)
14 - Värnamo,06 - Jönköpings län,1796709.7799999998,0.0,786670.3099999999,1010039.47,0.0,43.7839387727939,56.216061227206104,-8.263218769706318,314133.77699861827,0.0,Low priority (small market)
37 - Lidköping/Skara,14 - Västra Götalands län,3200843.23,255813.63,850518.7499999999,2094510.85,7.9920699521419545,26.57170904305738,65.43622100480067,-16.666671565637365,303816.52541684045,0.0,Recovery target
73 - Stockholm-V,01 - Stockholms län,12554888.41,1927128.52,3685037.3,6942722.59,15.349626831131669,29.351414203449693,55.298958965418635,-6.8080930371037605,267947.4794357449,0.0,Stable mid-tier
10 - Norrköping,05 - Östergötlands län,6538781.78,903872.68,2062550.54,3572358.56,13.823258068722396,31.5433456780691,54.6333962532085,35.346188397264584,239357.15065253244,0.0,Stable mid-tier
57 - Bollnäs/Söderhamn,21 - Gävleborgs län,2500903.08,204650.95,1084198.9,1212053.23,8.183082008919754,43.352295763496755,48.46462222758348,-8.395526415543818,232602.82307618245,0.0,Recovery target
44 - Arvika,17 - Värmlands län,1420475.4300000002,17054.27,616648.2100000001,786772.95,1.2006029558709086,43.411395718403945,55.388001325725135,11.533538240442233,231299.31327021323,0.0,Low priority (small market)
36 - Borås,14 - Västra Götalands län,3802943.26,443410.18,1488295.64,1871237.44,11.65965805127474,39.13536275058703,49.20497919813823,49.9938280931654,221490.15241497607,0.0,Recovery target
22 - Karlskrona,10 - Blekinge län,3257028.5300000003,358139.04000000004,1219029.32,1679860.17,10.995882802414384,37.42765249894817,51.57646469863744,31.290418826933585,211314.4606767524,0.0,Recovery target
27 - Helsingborg/Landskrona,12 - Skåne län,8786671.600000001,1330230.36,2948451.5300000003,4507989.71,15.139183761004563,33.5559545664595,51.30486167253593,15.873570075122641,206016.82231037467,0.0,Stable mid-tier
40 - Mariestad,14 - Västra Götalands län,1651721.7699999998,85271.35,524510.3799999999,1041940.0399999999,5.162573476282269,31.75537124512199,63.08205527859574,-5.122151952703058,203512.96226713926,0.0,Low priority (small market)
02 - Norrtälje,01 - Stockholms län,2598300.87,255813.30000000002,609460.24,1733027.33,9.845407164105673,23.456107298305295,66.69848553758904,-10.422783980761652,198469.34217045445,0.0,Recovery target
92 - Lund,12 - Skåne län,5713082.82,801549.23,1870760.51,3040773.08,14.030064944866316,32.74520200286541,53.22473305226827,4.3448877935233154,197316.755219114,0.0,Stable mid-tier
17 - Västervik,08 - Kalmar län,1030213.53,17054.27,672941.5,340217.76,1.6554111845143402,65.32058455881472,33.02400425667095,137.50060306751104,163066.56581688934,0.0,Low priority (small market)
05 - Nyköping,04 - Södermanlands län,1885681.57,170542.22000000003,1545024.09,170115.25999999998,9.044062513693657,81.93451718361972,9.021420302686629,47.298014502345495,159147.23813874542,0.0,Low priority (small market)
38 - Falköping,14 - Västra Götalands län,871819.35,0.0,170103.75,701715.6,0.0,19.511352896675213,80.48864710332478,-7.690603305938493,152427.45841567154,0.0,Low priority (small market)
30 - Eslöv,12 - Skåne län,1730520.83,153487.62,694573.31,882459.8999999999,8.869446546910389,40.1366627872373,50.993890665852305,68.96836978375256,149073.79005849254,0.0,Low priority (small market)
42 - Karlstad,17 - Värmlands län,4144774.68,579844.55,1289671.3,2275258.83,13.989772539336204,31.115594925415824,54.894632535247965,42.19475593430996,144821.02455742215,0.0,Stable mid-tier
39 - Skövde,14 - Västra Götalands län,1997847.69,204650.82,644937.63,1148259.24,10.243564663330266,32.28162152841592,57.47481380825382,8.323053405204982,144649.5777123477,0.0,Low priority (small market)
74 - Stockholm-Hägersten,01 - Stockholms län,1817735.04,187596.41,524401.56,1105737.07,10.320338546150268,28.84917485003755,60.83048660381218,100.0207343531157,130213.38880787123,0.0,Low priority (small market)
51 - Sala,19 - Västmanlands län,708759.02,0.0,304743.7,404015.32,0.0,42.99680023825305,57.00319976174695,53.56383552592759,123918.25903816213,0.0,Low priority (small market)
19 - Oskarshamn,08 - Kalmar län,602154.78,0.0,283193.58,318961.2,0.0,47.03003104949196,52.96996895050804,24.95952291914182,105279.74939790893,0.0,Low priority (small market)
49 - Köping,19 - Västmanlands län,1042016.96,85271.08,510202.46,446543.4199999999,8.183271796267116,48.96297081383397,42.8537573898989,46.93981596495994,96913.44806630696,0.0,Low priority (small market)
62 - Örnsköldsvik,22 - Västernorrlands län,1327119.96,136433.74000000002,722876.3099999999,467809.91000000003,10.280437647852123,54.46955300107158,35.2500093510763,35.997842701384556,95597.72674309036,0.0,Low priority (small market)
13 - Eksjö/Nässjö/Vetlanda,06 - Jönköpings län,1703579.77,204650.82,488883.39,1010045.5599999999,12.012987216912068,28.69741696920949,59.289595813878435,-4.178547244893601,93200.25952634258,0.0,Low priority (small market)
70 - Kiruna/Gällivare,25 - Norrbottens län,453633.3,0.0,283519.86,170113.44,0.0,62.499790028642074,37.500209971357926,122.2151107917499,79312.49859470756,0.0,Low priority (small market)
08 - Mjölby/Motala,05 - Östergötlands län,1959801.0699999998,272867.9,857638.73,829294.44,13.923244770960352,43.7615196321941,42.315235596845554,65.7498520185047,69780.48937150635,0.0,Low priority (small market)
41 - Kristinehamn,17 - Värmlands län,931589.5900000001,102325.41,276399.89,552864.29,10.983958075358055,29.66970573383071,59.346336190811236,-11.367699869363502,60552.17867728448,0.0,Low priority (small market)
67 - Piteå,25 - Norrbottens län,910365.85,102325.62000000001,127586.34999999999,680453.88,11.240054753811341,14.014843592825896,74.74510165336277,,56841.244951922046,0.0,Low priority (small market)
47 - Lindesberg,18 - Örebro län,1100404.3900000001,136434.16,347313.87,616656.36,12.398547410375198,31.56238498830416,56.03906760132064,-14.02505095600796,55958.730106359115,0.0,Low priority (small market)
69 - Haparanda/Kalix,25 - Norrbottens län,297686.88999999996,0.0,106309.73999999999,191377.14999999997,0.0,35.71193209079514,64.28806790920487,,52047.08526642083,0.0,Low priority (small market)
66 - Lycksele,24 - Västerbottens län,283511.3,0.0,28343.82,255167.47999999998,0.0,9.997421619526277,90.00257838047372,-84.60743830825854,49568.648471868604,0.0,Low priority (small market)
06 - Katrineholm,04 - Södermanlands län,1437857.32,204651.22000000003,871715.37,361490.73,14.233068688623431,60.625999386364704,25.140931925011863,73.24319453625601,46741.38427285644,0.0,Low priority (small market)
50 - Fagersta,19 - Västmanlands län,191378.06,0.0,42529.34,148848.72,0.0,22.222683206214963,77.77731679378503,-59.99488287762882,33460.22462373873,0.0,Low priority (small market)
04 - Uppsala,03 - Uppsala län,6846377.0600000005,1176742.04,4011045.58,1658589.4400000002,17.187806480527087,58.58639605806344,24.225797461409464,57.66702731164399,20267.242497753447,0.0,Stable mid-tier
