kpi,kpi_title,region_code,region,year,value_kr_per_inv,status
N70001,"Nettokostnad läkemedel inom läkemedelsförmånen, kr/inv",0001,Region Stockholm,2024,3104.3457,
N70001,"Nettokostnad läkemedel inom läkemedelsförmånen, kr/inv",0003,Region Uppsala,2024,3478.6914,
N70001,"Nettokostnad läkemedel inom läkemedelsförmånen, kr/inv",0004,Region Sörmland,2024,3637.9675,
N70001,"Nettokostnad läkemedel inom läkemedelsförmånen, kr/inv",0005,Region Östergötland,2024,3293.498,
N70001,"Nettokostnad läkemedel inom läkemedelsförmånen, kr/inv",0006,Region Jönköpings län,2024,3324.2434,
N70001,"Nettokostnad läkemedel inom läkemedelsförmånen, kr/inv",0007,Region Kronoberg,2024,3422.6534,
N70001,"Nettokostnad läkemedel inom läkemedelsförmånen, kr/inv",0008,Region Kalmar,2024,3450.3474,
N70001,"Nettokostnad läkemedel inom läkemedelsförmånen, kr/inv",0009,Region Gotland,2024,4313.5261,
N70001,"Nettokostnad läkemedel inom läkemedelsförmånen, kr/inv",0010,Region Blekinge,2024,3911.6414,
N70001,"Nettokostnad läkemedel inom läkemedelsförmånen, kr/inv",0012,Region Skåne,2024,3276.5748,
N70001,"Nettokostnad läkemedel inom läkemedelsförmånen, kr/inv",0013,Region Halland,2024,4042.6111,
N70001,"Nettokostnad läkemedel inom läkemedelsförmånen, kr/inv",0014,Västra Götalandsregionen,2024,2806.8259,
N70001,"Nettokostnad läkemedel inom läkemedelsförmånen, kr/inv",0017,Region Värmland,2024,3804.0256,
N70001,"Nettokostnad läkemedel inom läkemedelsförmånen, kr/inv",0018,Region Örebro län,2024,3460.0729,
N70001,"Nettokostnad läkemedel inom läkemedelsförmånen, kr/inv",0019,Region Västmanland,2024,3385.9964,
N70001,"Nettokostnad läkemedel inom läkemedelsförmånen, kr/inv",0020,Region Dalarna,2024,3660.8432,
N70001,"Nettokostnad läkemedel inom läkemedelsförmånen, kr/inv",0021,Region Gävleborg,2024,3566.9353,
N70001,"Nettokostnad läkemedel inom läkemedelsförmånen, kr/inv",0022,Region Västernorrland,2024,3632.1016,
N70001,"Nettokostnad läkemedel inom läkemedelsförmånen, kr/inv",0023,Region Jämtland Härjedalen,2024,3492.9501,
N70001,"Nettokostnad läkemedel inom läkemedelsförmånen, kr/inv",0024,Region Västerbotten,2024,3215.5027,
N70001,"Nettokostnad läkemedel inom läkemedelsförmånen, kr/inv",0025,Region Norrbotten,2024,4094.6022,
N70017,"Nettokostnad hälso- och sjukvård (exkl. läkemedel), kr/inv",0001,Region Stockholm,2024,32434.7119,
N70017,"Nettokostnad hälso- och sjukvård (exkl. läkemedel), kr/inv",0003,Region Uppsala,2024,32781.5803,
N70017,"Nettokostnad hälso- och sjukvård (exkl. läkemedel), kr/inv",0004,Region Sörmland,2024,34068.2226,
N70017,"Nettokostnad hälso- och sjukvård (exkl. läkemedel), kr/inv",0005,Region Östergötland,2024,33675.8063,
N70017,"Nettokostnad hälso- och sjukvård (exkl. läkemedel), kr/inv",0006,Region Jönköpings län,2024,32742.4468,
N70017,"Nettokostnad hälso- och sjukvård (exkl. läkemedel), kr/inv",0007,Region Kronoberg,2024,32879.1105,
N70017,"Nettokostnad hälso- och sjukvård (exkl. läkemedel), kr/inv",0008,Region Kalmar,2024,34288.3353,
N70017,"Nettokostnad hälso- och sjukvård (exkl. läkemedel), kr/inv",0009,Region Gotland,2024,43020.4523,
N70017,"Nettokostnad hälso- och sjukvård (exkl. läkemedel), kr/inv",0010,Region Blekinge,2024,37004.7639,
N70017,"Nettokostnad hälso- och sjukvård (exkl. läkemedel), kr/inv",0012,Region Skåne,2024,32668.452,
N70017,"Nettokostnad hälso- och sjukvård (exkl. läkemedel), kr/inv",0013,Region Halland,2024,32366.9705,
N70017,"Nettokostnad hälso- och sjukvård (exkl. läkemedel), kr/inv",0014,Västra Götalandsregionen,2024,31119.893,
N70017,"Nettokostnad hälso- och sjukvård (exkl. läkemedel), kr/inv",0017,Region Värmland,2024,33569.2911,
N70017,"Nettokostnad hälso- och sjukvård (exkl. läkemedel), kr/inv",0018,Region Örebro län,2024,34146.7369,
N70017,"Nettokostnad hälso- och sjukvård (exkl. läkemedel), kr/inv",0019,Region Västmanland,2024,33988.0067,
N70017,"Nettokostnad hälso- och sjukvård (exkl. läkemedel), kr/inv",0020,Region Dalarna,2024,34224.8713,
N70017,"Nettokostnad hälso- och sjukvård (exkl. läkemedel), kr/inv",0021,Region Gävleborg,2024,36112.1458,
N70017,"Nettokostnad hälso- och sjukvård (exkl. läkemedel), kr/inv",0022,Region Västernorrland,2024,36693.7521,
N70017,"Nettokostnad hälso- och sjukvård (exkl. läkemedel), kr/inv",0023,Region Jämtland Härjedalen,2024,38000.8882,
N70017,"Nettokostnad hälso- och sjukvård (exkl. läkemedel), kr/inv",0024,Region Västerbotten,2024,34989.9337,
N70017,"Nettokostnad hälso- och sjukvård (exkl. läkemedel), kr/inv",0025,Region Norrbotten,2024,37933.3923,
N70059,"Nettokostnad läkemedel, totalt (exkl. tandvård), kr/inv",0001,Region Stockholm,2024,3104.345,
N70059,"Nettokostnad läkemedel, totalt (exkl. tandvård), kr/inv",0003,Region Uppsala,2024,3476.239,
N70059,"Nettokostnad läkemedel, totalt (exkl. tandvård), kr/inv",0004,Region Sörmland,2024,3637.967,
N70059,"Nettokostnad läkemedel, totalt (exkl. tandvård), kr/inv",0005,Region Östergötland,2024,3293.498,
N70059,"Nettokostnad läkemedel, totalt (exkl. tandvård), kr/inv",0006,Region Jönköpings län,2024,3310.73,
N70059,"Nettokostnad läkemedel, totalt (exkl. tandvård), kr/inv",0007,Region Kronoberg,2024,3407.9,
N70059,"Nettokostnad läkemedel, totalt (exkl. tandvård), kr/inv",0008,Region Kalmar,2024,3442.229,
N70059,"Nettokostnad läkemedel, totalt (exkl. tandvård), kr/inv",0009,Region Gotland,2024,4313.526,
N70059,"Nettokostnad läkemedel, totalt (exkl. tandvård), kr/inv",0010,Region Blekinge,2024,3905.281,
N70059,"Nettokostnad läkemedel, totalt (exkl. tandvård), kr/inv",0012,Region Skåne,2024,3276.574,
N70059,"Nettokostnad läkemedel, totalt (exkl. tandvård), kr/inv",0013,Region Halland,2024,4042.611,
N70059,"Nettokostnad läkemedel, totalt (exkl. tandvård), kr/inv",0014,Västra Götalandsregionen,2024,2799.493,
N70059,"Nettokostnad läkemedel, totalt (exkl. tandvård), kr/inv",0017,Region Värmland,2024,3789.91,
N70059,"Nettokostnad läkemedel, totalt (exkl. tandvård), kr/inv",0018,Region Örebro län,2024,3453.587,
N70059,"Nettokostnad läkemedel, totalt (exkl. tandvård), kr/inv",0019,Region Västmanland,2024,3385.996,
N70059,"Nettokostnad läkemedel, totalt (exkl. tandvård), kr/inv",0020,Region Dalarna,2024,3646.883,
N70059,"Nettokostnad läkemedel, totalt (exkl. tandvård), kr/inv",0021,Region Gävleborg,2024,3552.878,
N70059,"Nettokostnad läkemedel, totalt (exkl. tandvård), kr/inv",0022,Region Västernorrland,2024,3632.101,
N70059,"Nettokostnad läkemedel, totalt (exkl. tandvård), kr/inv",0023,Region Jämtland Härjedalen,2024,3492.95,
N70059,"Nettokostnad läkemedel, totalt (exkl. tandvård), kr/inv",0024,Region Västerbotten,2024,3215.502,
N70059,"Nettokostnad läkemedel, totalt (exkl. tandvård), kr/inv",0025,Region Norrbotten,2024,4094.602,
N70061,"Nettokostnad hälso- och sjukvård totalt (inkl. läkemedel), kr/inv",0001,Region Stockholm,2024,35420.592,
N70061,"Nettokostnad hälso- och sjukvård totalt (inkl. läkemedel), kr/inv",0003,Region Uppsala,2024,36093.569,
N70061,"Nettokostnad hälso- och sjukvård totalt (inkl. läkemedel), kr/inv",0004,Region Sörmland,2024,37251.858,
N70061,"Nettokostnad hälso- och sjukvård totalt (inkl. läkemedel), kr/inv",0005,Region Östergötland,2024,36806.322,
N70061,"Nettokostnad hälso- och sjukvård totalt (inkl. läkemedel), kr/inv",0006,Region Jönköpings län,2024,35904.532,
N70061,"Nettokostnad hälso- och sjukvård totalt (inkl. läkemedel), kr/inv",0007,Region Kronoberg,2024,36075.554,
N70061,"Nettokostnad hälso- och sjukvård totalt (inkl. läkemedel), kr/inv",0008,Region Kalmar,2024,37539.78,
N70061,"Nettokostnad hälso- och sjukvård totalt (inkl. läkemedel), kr/inv",0009,Region Gotland,2024,47153.564,
N70061,"Nettokostnad hälso- och sjukvård totalt (inkl. läkemedel), kr/inv",0010,Region Blekinge,2024,40681.07,
N70061,"Nettokostnad hälso- och sjukvård totalt (inkl. läkemedel), kr/inv",0012,Region Skåne,2024,35805.732,
N70061,"Nettokostnad hälso- och sjukvård totalt (inkl. läkemedel), kr/inv",0013,Region Halland,2024,36264.685,
N70061,"Nettokostnad hälso- och sjukvård totalt (inkl. läkemedel), kr/inv",0014,Västra Götalandsregionen,2024,33760.881,
N70061,"Nettokostnad hälso- och sjukvård totalt (inkl. läkemedel), kr/inv",0017,Region Värmland,2024,37189.82,
N70061,"Nettokostnad hälso- och sjukvård totalt (inkl. läkemedel), kr/inv",0018,Region Örebro län,2024,37473.854,
N70061,"Nettokostnad hälso- och sjukvård totalt (inkl. läkemedel), kr/inv",0019,Region Västmanland,2024,37231.734,
N70061,"Nettokostnad hälso- och sjukvård totalt (inkl. läkemedel), kr/inv",0020,Region Dalarna,2024,37728.671,
N70061,"Nettokostnad hälso- och sjukvård totalt (inkl. läkemedel), kr/inv",0021,Region Gävleborg,2024,39566.626,
N70061,"Nettokostnad hälso- och sjukvård totalt (inkl. läkemedel), kr/inv",0022,Region Västernorrland,2024,40176.759,
N70061,"Nettokostnad hälso- och sjukvård totalt (inkl. läkemedel), kr/inv",0023,Region Jämtland Härjedalen,2024,41298.112,
N70061,"Nettokostnad hälso- och sjukvård totalt (inkl. läkemedel), kr/inv",0024,Region Västerbotten,2024,37899.536,
N70061,"Nettokostnad hälso- och sjukvård totalt (inkl. läkemedel), kr/inv",0025,Region Norrbotten,2024,41762.529,
N71007,"Nettokostnad primärvård totalt, kr/inv",0001,Region Stockholm,2024,5722.298,
N71007,"Nettokostnad primärvård totalt, kr/inv",0003,Region Uppsala,2024,5883.621,
N71007,"Nettokostnad primärvård totalt, kr/inv",0004,Region Sörmland,2024,6785.124,
N71007,"Nettokostnad primärvård totalt, kr/inv",0005,Region Östergötland,2024,5882.153,
N71007,"Nettokostnad primärvård totalt, kr/inv",0006,Region Jönköpings län,2024,6364.71,
N71007,"Nettokostnad primärvård totalt, kr/inv",0007,Region Kronoberg,2024,5640.493,
N71007,"Nettokostnad primärvård totalt, kr/inv",0008,Region Kalmar,2024,6750.503,
N71007,"Nettokostnad primärvård totalt, kr/inv",0009,Region Gotland,2024,6970.526,
N71007,"Nettokostnad primärvård totalt, kr/inv",0010,Region Blekinge,2024,6175.941,
N71007,"Nettokostnad primärvård totalt, kr/inv",0012,Region Skåne,2024,5785.978,
N71007,"Nettokostnad primärvård totalt, kr/inv",0013,Region Halland,2024,5340.883,
N71007,"Nettokostnad primärvård totalt, kr/inv",0014,Västra Götalandsregionen,2024,6212.697,
N71007,"Nettokostnad primärvård totalt, kr/inv",0017,Region Värmland,2024,5586.059,
N71007,"Nettokostnad primärvård totalt, kr/inv",0018,Region Örebro län,2024,5892.176,
N71007,"Nettokostnad primärvård totalt, kr/inv",0019,Region Västmanland,2024,6281.165,
N71007,"Nettokostnad primärvård totalt, kr/inv",0020,Region Dalarna,2024,6002.526,
N71007,"Nettokostnad primärvård totalt, kr/inv",0021,Region Gävleborg,2024,7077.643,
N71007,"Nettokostnad primärvård totalt, kr/inv",0022,Region Västernorrland,2024,5665.581,
N71007,"Nettokostnad primärvård totalt, kr/inv",0023,Region Jämtland Härjedalen,2024,7874.193,
N71007,"Nettokostnad primärvård totalt, kr/inv",0024,Region Västerbotten,2024,5861.889,
N71007,"Nettokostnad primärvård totalt, kr/inv",0025,Region Norrbotten,2024,6451.612,
